userid,movieid,tagid
38,113,72
38,186,-1
38,447,86
38,761,72
38,769,72
38,779,72
38,779,86
38,908,4
38,908,86
38,1180,4
38,1217,147
38,1217,72
38,1329,72
38,1536,4
38,1559,86
38,1795,77
38,1817,135
38,1817,4
38,1912,77
43,0,6
43,0,4
43,0,7
43,412,-1
43,502,14
43,502,51
43,580,4
43,639,14
43,639,4
43,836,51
43,1000,14
43,1000,16
43,1170,14
43,1170,4
43,1363,4
43,1459,4
43,1591,51
43,1605,16
43,1605,4
43,1933,4
43,1957,14
43,1957,4
43,1962,14
58,294,61
58,294,4
58,300,61
58,339,72
58,530,4
58,807,4
58,807,84
58,915,4
58,997,14
58,997,4
58,997,365
58,1016,72
58,1101,-1
58,1431,4
58,1431,15
58,1431,84
58,1432,890
58,1558,4
58,1558,15
58,1558,84
58,1570,-1
58,1633,14
58,1900,150
69,63,51
69,63,56
69,98,14
69,98,16
69,98,0
69,109,61
69,109,14
69,141,14
69,141,56
69,431,61
69,431,14
69,431,51
69,495,14
69,647,51
69,694,61
69,694,14
69,730,61
69,730,16
69,730,14
69,1108,0
69,1108,51
69,1109,-1
69,1111,14
69,1123,16
69,1123,0
69,1224,6
69,1224,51
69,1659,61
106,19,14
106,19,4
106,19,45
106,331,4
106,331,8
106,331,45
106,734,-1
106,781,4
106,781,45
106,781,15
106,801,4
106,822,15
106,832,14
106,867,14
106,867,8
106,938,4
106,938,45
106,938,15
106,938,56
106,1210,12
106,1210,15
106,1538,4
106,1538,45
106,1704,4
106,1704,45
106,1801,14
106,1801,16
106,1801,8
106,1801,56
106,1841,-1
106,2019,14
106,2019,4
106,2019,56
161,14,4
161,14,29
161,380,150
161,380,29
161,458,4
161,609,-1
161,672,4
161,672,18
161,1000,-1
161,1044,4
161,1048,4
161,1048,18
161,1065,4
161,1171,4
161,1171,29
161,1214,4
161,1214,77
161,1447,-1
161,1527,-1
161,1651,77
161,1827,18
174,69,4
174,69,84
174,69,51
174,256,-1
174,398,-1
174,603,69
174,781,4
174,781,18
174,781,15
174,793,51
174,829,6
174,829,4
174,829,88
174,1300,4
174,1300,18
174,1300,84
174,1325,16
174,1325,15
174,1345,16
174,1345,15
174,1366,16
174,1368,6
174,1368,4
174,1783,4
174,1991,16
174,2016,4
174,2016,84
189,13,4
189,13,0
189,13,45
189,79,-1
189,92,4
189,92,45
189,92,0
189,92,115
189,92,27
189,176,4
189,505,-1
189,705,72
189,951,4
189,951,45
189,985,-1
189,1535,18
189,1632,4
189,1632,0
189,1632,45
189,1720,0
189,1727,4
189,1727,0
189,1727,45
189,1839,-1
189,1944,-1
189,1961,-1
190,69,4
190,483,14
190,483,4
190,483,45
190,483,56
190,554,56
190,600,14
190,600,4
190,600,45
190,705,72
190,728,56
190,814,4
190,814,2
190,814,45
190,892,4
190,1142,14
190,1293,14
190,1293,150
190,1325,72
190,1453,4
190,1453,45
190,1476,-1
190,1979,4
190,1979,2
190,1979,45
190,2013,4
192,52,-1
192,81,4
192,310,61
192,310,16
192,332,61
192,332,4
192,332,14
192,392,4
192,392,18
192,616,61
192,616,14
192,616,288
192,836,72
192,1051,14
192,1207,4
192,1311,-1
192,1388,14
192,1443,4
192,1485,14
192,1485,18
192,1739,-1
192,1908,14
192,1908,4
192,1908,18
207,6,4
207,6,45
207,233,-1
207,366,4
207,366,72
207,454,60
207,479,18
207,479,16
207,479,72
207,479,8
207,570,4
207,570,18
207,570,45
207,604,61
207,604,16
207,604,72
207,1299,61
207,1299,4
207,1299,18
207,1299,45
207,1402,16
207,1402,72
207,1473,-1
207,1539,61
207,1642,4
207,1642,45
207,1976,16
207,1976,72
207,1984,4
207,1984,18
207,1984,16
207,1984,72
207,1987,-1
219,58,4
219,58,0
219,167,4
219,167,0
219,510,52
219,615,52
219,645,-1
219,844,14
219,844,327
219,1013,61
219,1108,52
219,1108,0
219,1315,52
219,1458,14
219,1625,52
219,1753,52
219,1753,4
219,1867,14
219,1905,61
219,1905,4
219,1943,1069
231,70,14
231,70,4
231,149,14
231,149,471
231,255,-1
231,357,6
231,357,4
231,400,4
231,599,14
231,599,4
231,599,318
231,799,4
231,823,14
231,823,16
231,942,14
231,942,4
231,1043,4
231,1052,4
231,1183,4
231,1183,94
231,1388,14
231,1443,4
231,1792,14
245,106,-1
245,247,135
245,247,150
245,247,45
245,286,61
245,343,135
245,343,45
245,357,6
245,357,84
245,357,29
245,629,51
245,716,61
245,716,45
245,1196,-1
245,1224,6
245,1224,45
245,1224,51
245,1354,45
245,1592,-1
245,1692,6
245,1901,61
245,1936,150
245,1936,206
245,1938,29
251,423,4
251,423,0
251,423,45
251,480,4
251,480,8
251,480,45
251,480,29
251,530,4
251,530,0
251,530,45
251,635,4
251,635,72
251,635,45
251,646,4
251,901,0
251,932,12
251,1071,72
251,1075,4
251,1161,12
251,1367,4
251,1367,45
251,1559,84
251,1591,-1
251,1703,4
251,1703,45
251,1703,84
251,1703,29
251,2008,4
251,2008,0
251,2008,45
251,2008,84
252,45,69
252,61,0
252,61,4
252,61,18
252,61,45
252,186,-1
252,335,4
252,335,0
252,335,45
252,571,4
252,571,18
252,571,0
252,802,0
252,802,4
252,802,18
252,802,45
252,841,0
252,1161,12
252,1161,13
252,1161,69
252,1387,12
252,1502,16
252,1502,4
252,1552,-1
252,1581,61
252,1581,16
252,1581,4
252,1609,16
252,1678,16
252,1678,29
252,1918,16
275,69,270
275,69,0
275,69,84
275,150,0
275,241,12
275,241,0
275,320,61
275,320,16
275,372,0
275,372,45
275,417,61
275,417,45
275,800,45
275,863,45
275,1146,12
275,1146,0
275,1213,16
275,1284,61
275,1284,45
275,1406,61
275,1724,108
275,1801,16
275,1849,-1
280,94,14
280,94,8
280,100,14
280,100,45
280,133,135
280,133,4
280,133,18
280,200,4
280,200,18
280,200,45
280,243,45
280,243,4
280,243,18
280,243,69
280,448,14
280,448,51
280,538,460
280,650,4
280,650,51
280,844,14
280,1025,51
280,1166,14
280,1166,4
280,1166,8
280,1166,45
280,1251,-1
280,1469,4
280,1469,8
280,1469,45
280,1653,4
280,1885,104
283,2,4
283,2,18
283,3,6
283,3,4
283,16,6
283,16,4
283,226,4
283,226,18
283,226,15
283,310,-1
283,448,14
283,607,135
283,607,4
283,607,18
283,720,4
283,860,4
283,945,-1
283,1387,6
283,1387,14
283,1395,135
283,1395,4
283,1415,14
283,1911,14
283,1935,14
283,1935,15
285,58,0
285,270,14
285,270,84
285,562,61
285,562,51
285,620,61
285,620,72
285,620,14
285,832,14
285,832,51
285,911,61
285,911,14
285,911,51
285,953,14
285,953,13
285,953,51
285,1279,14
285,1279,150
285,1279,0
285,1279,84
285,1395,84
285,1429,14
285,1429,0
285,1429,56
285,1558,84
285,1616,318
285,1867,14
285,1867,72
285,1868,-1
285,2015,72
285,2015,51
285,2015,56
295,60,14
295,60,16
295,60,72
295,165,4
295,165,16
295,165,72
295,178,14
295,178,4
295,178,56
295,413,14
295,413,56
295,415,14
295,415,4
295,415,56
295,529,16
295,529,72
295,747,16
295,747,4
295,1086,14
295,1086,8
295,1257,-1
295,1327,14
295,1453,4
295,1471,-1
295,1678,16
295,1678,72
295,1702,4
295,1746,56
311,144,318
311,199,45
311,199,18
311,199,15
311,253,61
311,253,45
311,253,51
311,277,61
311,422,45
311,655,61
311,975,61
311,975,45
311,975,15
311,1167,61
311,1167,45
311,1167,15
311,1242,54
311,1242,51
311,1454,61
311,1454,51
311,1516,14
311,1516,15
311,1665,54
311,1665,18
311,1665,51
311,1701,14
311,1726,14
311,1764,61
311,1764,45
311,1764,51
349,55,14
349,55,4
349,132,4
349,206,14
349,206,4
349,460,8
349,678,4
349,841,14
349,906,8
349,1122,14
349,1122,4
349,1122,18
349,1294,15
349,1445,4
349,1478,4
349,1661,4
349,1665,18
349,1665,8
349,1882,14
349,1917,4
353,19,51
353,727,51
353,751,-1
353,1115,61
353,1115,51
353,1156,-1
353,1171,-1
353,1260,115
353,1451,51
353,1605,61
353,1605,318
353,1668,51
353,1802,8
353,1802,51
353,1818,120
353,1818,61
353,1818,153
353,1890,902
353,1890,8
353,1890,51
353,2000,61
353,2000,67
353,2003,8
354,19,4
354,19,45
354,101,-1
354,162,4
354,162,0
354,162,45
354,216,-1
354,413,-1
354,598,4
354,598,45
354,677,4
354,677,0
354,677,45
354,732,45
354,1071,-1
354,1223,288
354,1223,4
354,1362,4
354,1362,45
354,1619,8
354,1619,45
354,1627,4
354,1627,45
354,1696,4
354,1696,55
354,1696,45
354,1998,-1
373,35,-1
373,68,72
373,238,4
373,238,45
373,238,51
373,306,4
373,340,4
373,340,45
373,579,8
373,592,72
373,592,8
373,592,29
373,666,4
373,666,72
373,732,72
373,732,45
373,1056,4
373,1056,45
373,1056,29
373,1515,595
373,1627,4
373,1627,45
373,1627,29
373,1636,51
373,1741,4
373,1741,72
373,1838,-1
382,479,12
382,479,8
382,479,14
382,493,12
382,493,8
382,493,14
382,634,15
382,659,12
382,659,4
382,659,0
382,659,14
382,707,14
382,769,14
382,769,0
382,885,6
382,885,4
382,1043,4
382,1043,0
382,1200,14
382,1301,14
382,1301,4
382,1301,0
382,1373,14
382,1373,4
382,1373,56
382,1477,0
382,1477,318
382,1489,14
382,1489,115
382,1509,123
382,1509,14
382,1509,56
382,1510,4
382,1510,15
383,150,4
383,239,4
383,244,4
383,244,8
383,270,14
383,270,4
383,383,-1
383,432,327
383,438,14
383,438,4
383,622,4
383,830,14
383,830,13
383,979,14
383,979,4
383,996,16
383,1142,14
383,1142,8
383,1646,16
383,1646,4
383,1646,8
383,1787,14
383,1929,-1
391,7,51
391,128,-1
391,149,14
391,311,6
391,328,4
391,550,14
391,550,4
391,593,-1
391,773,-1
391,871,51
391,889,-1
391,1095,123
391,1095,4
391,1347,-1
391,1627,4
391,1838,-1
391,1870,51
414,13,14
414,13,4
414,13,45
414,13,56
414,76,61
414,76,14
414,79,61
414,79,14
414,192,4
414,192,45
414,230,61
414,230,4
414,230,45
414,230,51
414,572,61
414,572,79
414,572,738
414,572,318
414,597,54
414,597,51
414,850,61
414,850,16
414,850,4
414,850,51
414,1354,14
414,1354,4
414,1354,45
414,1383,-1
414,1545,79
414,1545,16
414,1545,72
414,1719,61
414,1886,4
414,1886,61
414,1886,16
414,1886,72
414,1951,-1
414,1955,4
414,1955,45
424,72,135
424,72,4
424,72,45
424,312,79
424,364,-1
424,480,4
424,480,45
424,665,4
424,665,79
424,701,-1
424,728,-1
424,751,4
424,751,45
424,1009,61
424,1009,282
424,1187,61
424,1187,4
424,1275,61
424,1275,4
424,1275,45
424,1308,72
424,1308,45
424,1555,61
424,1555,4
424,1555,45
424,1596,4
424,1596,55
424,1861,273
438,76,14
438,76,0
438,251,14
438,251,7
438,251,0
438,269,4
438,269,104
438,269,7
438,269,0
438,269,14
438,331,4
438,362,14
438,362,4
438,374,104
438,374,14
438,376,14
438,376,4
438,388,4
438,388,0
438,409,4
438,541,14
438,541,4
438,541,54
438,969,14
438,969,0
438,1227,104
438,1227,7
438,1583,-1
438,1985,-1
438,2020,-1
446,485,14
446,485,4
446,485,595
446,485,13
446,537,61
446,537,595
446,623,1195
446,852,14
446,852,4
446,971,14
446,1239,14
446,1239,4
446,1239,39
446,1242,52
446,1342,4
446,1545,16
446,1634,61
446,1634,4
446,1634,14
446,1658,-1
446,1704,4
446,1766,14
446,1766,16
446,1880,4
446,1880,153
446,1913,61
446,1913,4
463,266,61
463,266,72
463,266,18
463,357,270
463,357,18
463,357,29
463,709,72
463,709,51
463,926,61
463,926,72
463,1142,8
463,1171,270
463,1171,0
463,1171,29
463,1242,72
463,1242,0
463,1242,51
463,1526,61
463,1526,8
463,1546,18
463,1546,8
463,1546,51
463,1589,18
463,1589,0
463,1598,-1
463,1660,-1
463,1827,61
463,1827,18
463,1831,126
463,1831,61
463,1831,72
463,1831,0
463,1988,0
467,113,14
467,180,-1
467,235,14
467,491,244
467,491,61
467,491,4
467,491,0
467,493,14
467,493,8
467,786,52
467,786,84
467,791,244
467,809,14
467,809,290
467,1057,61
467,1057,4
467,1062,4
467,1062,8
467,1174,52
467,1333,4
467,1333,84
467,1392,61
467,1410,4
467,1410,9
467,1728,-1
502,52,-1
502,260,4
502,326,-1
502,457,-1
502,494,4
502,643,4
502,816,-1
502,930,16
502,942,4
502,942,197
502,1209,51
502,1310,-1
502,1366,16
502,1551,-1
502,1637,16
502,1637,51
502,1923,4
505,339,-1
505,342,4
505,379,14
505,379,56
505,399,135
505,399,4
505,471,14
505,487,4
505,487,13
505,583,61
505,583,4
505,897,-1
505,935,4
505,1234,14
505,1234,13
505,1234,56
505,1387,14
505,1487,61
505,1488,-1
505,1816,61
505,2005,-1
560,39,56
560,71,4
560,71,18
560,156,4
560,384,0
560,384,4
560,384,18
560,384,15
560,855,54
560,1002,54
560,1081,-1
560,1112,61
560,1112,4
560,1112,56
560,1375,4
560,1868,4
560,1868,153
560,1920,4
560,1920,15
560,1940,4
560,1940,0
560,1989,-1
560,2015,54
560,2015,56
560,2019,4
560,2019,56
569,9,4
569,64,4
569,64,45
569,209,4
569,209,45
569,250,4
569,250,45
569,261,4
569,261,45
569,528,4
569,528,45
569,546,290
569,709,53
569,1129,4
569,1377,-1
569,1616,-1
569,1696,4
569,1696,45
569,1730,-1
569,1740,4
569,1740,45
569,1919,4
598,63,-1
598,212,-1
598,345,4
598,508,4
598,520,72
598,637,392
598,637,4
598,648,-1
598,717,1195
598,792,-1
598,1079,4
598,1079,86
598,1134,4
598,1134,318
598,1166,4
598,1180,63
598,1180,4
598,1781,4
598,1781,318
598,1914,72
605,111,-1
605,266,61
605,266,4
605,266,45
605,330,61
605,330,14
605,366,4
605,415,14
605,415,4
605,415,45
605,510,52
605,510,84
605,526,4
605,563,14
605,973,6
605,1111,14
605,1111,4
605,1111,45
605,1131,52
605,1131,14
605,1131,84
605,1131,51
605,1232,-1
605,1318,6
605,1318,51
605,1318,12
605,1553,6
605,1553,4
605,1553,45
605,1773,-1
612,158,61
612,158,4
612,189,4
612,189,45
612,296,27
612,337,14
612,564,61
612,584,14
612,843,52
612,843,4
612,843,27
612,843,45
612,884,4
612,884,45
612,1036,4
612,1036,45
612,1228,4
612,1259,61
612,1259,4
612,1259,45
612,1259,14
612,1266,61
612,1356,52
612,1437,4
612,1437,49
612,1697,-1
613,246,0
613,486,7
613,486,0
613,649,7
613,672,7
613,1024,-1
613,1048,229
613,1263,0
613,1367,7
613,1411,7
613,1442,61
613,1442,0
613,1442,51
613,1502,-1
613,1631,135
613,1723,0
613,1842,61
613,1853,61
621,91,-1
621,153,4
621,153,0
621,296,288
621,372,4
621,372,0
621,372,45
621,405,4
621,405,45
621,405,84
621,405,7
621,405,0
621,405,86
621,510,288
621,510,16
621,510,84
621,674,4
621,674,18
621,674,45
621,919,18
621,961,288
621,961,0
621,997,4
621,1329,0
621,1348,4
621,1901,16
621,1901,0
621,1921,4
621,1921,0
621,1921,45
621,1990,4
625,322,4
625,431,4
625,431,51
625,525,4
625,901,51
625,1033,4
625,1033,84
625,1033,51
625,1042,51
625,1205,-1
625,1227,104
625,1332,4
625,1332,8
625,1365,72
625,1365,15
625,1505,8
625,1505,69
625,1538,4
625,1629,72
625,1629,51
625,1852,4
625,1852,72
625,1852,15
625,1865,69
627,590,56
627,606,14
627,606,1253
627,705,16
627,1001,14
627,1036,4
627,1053,14
627,1088,14
627,1281,4
627,1484,14
627,1484,16
627,1603,-1
627,1745,14
627,1745,4
627,1830,16
627,1830,100
627,1830,56
627,1898,100
627,1980,61
627,1980,14
627,1984,16
627,1984,4
631,30,129
631,557,4
631,842,8
631,857,56
631,857,197
631,945,-1
631,995,4
631,1029,135
631,1055,56
631,1214,4
631,1214,8
631,1371,197
631,1486,4
631,1486,197
631,1567,4
631,1748,-1
631,1979,4
631,2013,4
651,67,-1
651,184,0
651,184,4
651,184,45
651,184,15
651,252,4
651,252,45
651,354,0
651,354,15
651,580,4
651,580,0
651,580,45
651,580,29
651,796,4
651,796,45
651,805,421
651,805,4
651,889,-1
651,919,-1
651,978,221
651,1042,0
651,1047,4
651,1047,221
651,1331,-1
651,1687,4
651,1687,45
651,1687,15
651,1687,153
651,1956,4
651,1956,15
657,17,14
657,152,14
657,152,4
657,152,23
657,219,14
657,219,4
657,219,45
657,352,4
657,352,7
657,382,4
657,382,18
657,382,23
657,453,109
657,453,14
657,453,318
657,499,109
657,499,4
657,499,7
657,499,45
657,872,-1
657,999,109
657,999,14
657,1009,12
657,1009,13
657,1019,15
657,1142,14
657,1197,14
657,1249,14
657,1448,23
657,1448,15
661,84,4
661,150,4
661,150,18
661,420,4
661,420,45
661,420,29
661,585,327
661,842,-1
661,844,327
661,888,16
661,888,4
661,993,-1
661,1140,4
661,1140,45
661,1194,4
661,1194,45
661,1194,51
661,1311,-1
661,1485,18
661,1485,13
661,1539,29
661,1663,4
661,1663,45
661,1677,45
661,1677,51
665,9,0
665,9,28
665,123,52
665,177,18
665,177,0
665,205,18
665,205,45
665,205,309
665,222,45
665,222,153
665,418,56
665,736,0
665,736,45
665,834,52
665,930,-1
665,958,-1
665,1109,52
665,1336,-1
665,1353,45
665,1353,28
665,1432,-1
665,1914,-1
669,110,14
669,118,14
669,243,-1
669,426,-1
669,977,14
669,987,-1
669,1164,61
669,1367,14
669,1380,288
669,1398,-1
669,1466,-1
669,1686,288
669,1896,14
669,1910,61
669,1910,14
669,1965,51
672,15,13
672,242,4
672,242,45
672,403,-1
672,405,14
672,405,4
672,405,45
672,405,84
672,458,4
672,458,45
672,530,4
672,530,13
672,530,45
672,530,51
672,644,4
672,644,45
672,754,4
672,754,45
672,754,84
672,754,29
672,1116,4
672,1116,45
672,1116,51
672,1116,29
672,1144,4
672,1144,45
672,1218,4
672,1250,16
672,1251,13
672,1433,6
672,1433,51
672,1634,14
672,1634,4
672,1634,45
674,509,-1
674,527,4
674,586,16
674,586,4
674,666,16
674,666,4
674,758,-1
674,945,61
674,945,16
674,1241,53
674,1391,4
674,1446,16
674,1548,837
674,1548,4
674,1560,61
674,1560,304
674,1560,837
674,1597,61
674,1673,563
674,1695,53
674,1695,8
674,1895,53
685,249,61
685,249,4
685,249,45
685,516,318
685,518,61
685,518,4
685,518,18
685,518,45
685,623,0
685,623,51
685,630,69
685,657,170
685,681,61
685,681,4
685,681,45
685,681,318
685,694,1372
685,694,61
685,694,4
685,694,45
685,1103,61
685,1103,4
685,1103,45
685,1104,51
685,1242,0
685,1242,51
685,1254,4
685,1254,45
685,1538,0
685,1538,4
685,1538,18
685,1538,45
685,1695,51
685,1745,4
685,1745,45
718,40,61
718,40,4
718,40,45
718,77,4
718,77,45
718,266,61
718,266,4
718,266,45
718,310,61
718,310,16
718,310,45
718,637,4
718,781,4
718,781,45
718,919,-1
718,947,318
718,1135,-1
718,1209,52
718,1304,-1
718,1431,4
718,1431,45
718,1550,16
718,1550,318
718,1689,4
718,1689,45
718,1716,52
718,1716,4
719,339,72
719,368,-1
719,406,4
719,406,0
719,519,61
719,519,4
719,519,18
719,650,142
719,650,61
719,650,4
719,650,0
719,956,61
719,956,72
719,1011,61
719,1011,4
719,1011,282
719,1046,18
719,1063,-1
719,1071,61
719,1071,72
719,1104,-1
719,1373,4
719,1581,61
719,1581,4
719,1581,72
719,1780,4
719,1780,18
719,1780,29
719,1795,61
725,21,4
725,21,0
725,21,45
725,46,61
725,46,4
725,46,14
725,319,0
725,319,16
725,319,4
725,319,45
725,426,4
725,426,95
725,427,61
725,489,7
725,528,61
725,528,4
725,528,45
725,528,0
725,528,14
725,556,4
725,556,45
725,741,14
725,756,0
725,756,4
725,756,7
725,756,45
725,802,120
725,802,4
725,802,0
725,802,45
725,909,61
725,909,16
725,1339,52
725,1339,14
725,1762,14
725,1762,16
725,1762,0
725,1939,-1
739,64,164
739,64,14
739,64,4
739,64,45
739,72,135
739,72,4
739,72,45
739,72,14
739,73,14
739,73,4
739,73,51
739,127,4
739,127,0
739,127,45
739,211,61
739,211,4
739,211,18
739,211,45
739,254,61
739,254,4
739,254,45
739,254,51
739,302,61
739,302,385
739,302,14
739,633,14
739,633,144
739,873,4
739,873,51
739,1157,61
739,1157,4
739,1292,-1
739,1299,61
739,1299,4
739,1299,18
739,1299,45
739,1501,4
739,1567,4
739,1567,95
739,1863,14
740,187,45
740,254,61
740,254,45
740,365,61
740,460,52
740,763,72
740,763,49
740,773,150
740,808,347
740,808,72
740,808,49
740,814,45
740,1302,-1
740,1322,52
740,1407,52
740,1416,-1
740,1930,72
740,1937,61
740,1937,45
740,1982,-1
745,5,4
745,30,16
745,142,4
745,142,45
745,324,4
745,354,12
745,374,12
745,497,12
745,497,55
745,497,9
745,721,61
745,721,4
745,721,109
745,1414,12
745,1414,61
745,1578,4
745,1578,153
745,1671,61
745,1671,4
745,1671,45
745,1725,4
745,1725,45
745,1774,-1
745,1788,61
745,1788,4
745,1788,45
745,1861,9
747,18,-1
747,253,4
747,253,8
747,278,-1
747,378,14
747,378,4
747,757,4
747,844,14
747,1163,14
747,1451,54
747,1608,4
747,1608,153
747,1722,14
747,1754,4
747,1775,14
747,1775,4
747,1775,197
747,1940,4
747,1959,15
747,1965,4
747,1965,27
776,38,8
776,107,14
776,107,16
776,107,267
776,199,-1
776,246,14
776,397,-1
776,475,14
776,475,16
776,758,-1
776,875,14
776,875,16
776,931,-1
776,1006,-1
776,1446,16
776,1603,-1
776,1658,-1
776,1727,-1
776,1755,14
781,322,4
781,410,-1
781,414,342
781,414,4
781,414,2
781,523,4
781,613,244
781,613,4
781,675,61
781,675,4
781,958,16
781,958,72
781,1166,61
781,1166,4
781,1166,8
781,1166,38
781,1450,61
781,1450,4
781,1689,4
781,1783,244
781,1783,4
781,1783,8
781,1843,16
781,1843,72
781,1959,61
781,1959,16
781,1959,72
781,1997,-1
781,2014,16
781,2014,72
811,7,-1
811,359,14
811,359,16
811,364,357
811,364,9
811,827,-1
811,895,14
811,1001,14
811,1057,4
811,1151,4
811,1182,14
811,1182,4
811,1209,-1
811,1338,16
811,1381,4
811,1611,14
811,1611,4
811,1740,4
811,1771,4
811,1771,9
846,125,4
846,125,18
846,125,45
846,299,18
846,299,4
846,299,31
846,299,45
846,393,4
846,646,4
846,646,18
846,757,4
846,757,45
846,757,84
846,855,-1
846,897,45
846,897,318
846,1031,4
846,1031,45
846,1034,61
846,1034,4
846,1207,4
846,1207,84
846,1207,318
846,1301,4
846,1301,45
846,1711,61
846,1711,9
846,1787,455
846,1882,-1
846,2000,61
846,2000,67
864,49,4
864,49,45
864,49,56
864,339,16
864,634,61
864,634,206
864,824,4
864,824,8
864,824,45
864,883,0
864,883,318
864,1090,61
864,1090,4
864,1090,45
864,1090,56
864,1182,4
864,1234,8
864,1234,56
864,1311,8
864,1311,58
864,1318,115
864,1462,16
864,1462,4
864,1462,45
864,1620,4
864,1620,0
864,1620,45
864,1620,58
864,1746,0
864,1746,58
864,1746,45
864,1746,56
864,1842,61
864,1842,4
864,1842,45
864,1842,56
864,1916,61
864,1916,56
864,1916,4
864,1916,45
864,1916,8
892,92,4
892,92,27
892,92,8
892,92,0
892,182,120
892,182,14
892,182,4
892,182,0
892,229,61
892,229,4
892,229,0
892,229,14
892,505,14
892,505,51
892,612,61
892,612,16
892,612,4
892,612,14
892,616,61
892,616,14
892,838,-1
892,1070,61
892,1070,0
892,1109,-1
892,1131,14
892,1131,69
892,1131,51
892,1139,51
892,1431,4
892,1552,-1
892,1767,4
892,1767,51
892,1841,69
913,160,14
913,160,8
913,167,0
913,167,45
913,270,14
913,270,45
913,270,29
913,382,29
913,446,-1
913,456,0
913,819,52
913,819,14
913,865,14
913,865,45
913,867,52
913,867,14
913,867,8
913,913,14
913,913,45
913,923,16
913,923,150
913,923,0
913,1033,14
913,1033,45
913,1033,29
913,1082,14
913,1082,45
913,1620,0
913,1620,45
913,1816,150
914,211,61
914,211,4
914,413,61
914,413,290
914,413,14
914,422,4
914,449,61
914,449,150
914,449,14
914,499,4
914,535,14
914,535,4
914,681,61
914,681,4
914,690,61
914,690,14
914,862,12
914,862,4
914,972,-1
914,1335,4
914,1497,14
914,1497,4
914,1497,46
914,1518,4
914,1846,61
914,1913,61
914,1913,4
923,97,61
923,97,14
923,326,288
923,326,84
923,326,14
923,375,61
923,375,14
923,563,288
923,563,14
923,563,56
923,692,14
923,819,52
923,819,14
923,1091,288
923,1091,14
923,1126,61
923,1126,14
923,1166,52
923,1166,61
923,1166,14
923,1204,290
923,1204,56
923,1415,288
923,1415,42
923,1415,14
923,1465,14
923,1578,86
923,1643,61
923,1643,86
923,1958,288
923,1958,14
927,42,6
927,42,4
927,42,14
927,439,61
927,573,-1
927,576,4
927,576,15
927,643,61
927,643,4
927,643,45
927,643,15
927,913,61
927,913,266
927,913,4
927,913,45
927,913,14
927,1010,101
927,1010,4
927,1010,45
927,1010,51
927,1311,-1
927,1409,61
927,1409,14
927,1478,4
927,1478,0
927,1478,45
927,1578,4
927,1698,14
927,1698,4
927,1698,45
927,1698,15
927,1708,61
927,1708,4
927,1708,45
927,1962,14
927,1962,0
927,2019,14
927,2019,4
927,2019,51
933,729,61
933,729,4
933,729,45
933,841,51
933,864,4
933,864,45
933,881,16
933,985,82
933,1058,4
933,1058,45
933,1235,51
933,1558,4
933,1726,-1
933,1762,16
933,1791,4
933,1838,-1
933,1869,61
933,1869,16
933,1905,61
933,1905,16
933,1905,4
933,1905,45
933,2016,4
933,2016,45
947,279,61
947,279,4
947,279,55
947,327,14
947,327,4
947,373,4
947,399,4
947,591,61
947,591,14
947,591,318
947,694,61
947,694,4
947,694,14
947,989,4
947,989,13
947,1298,4
947,1422,61
947,1422,14
947,1451,55
947,1464,4
947,1464,318
947,1518,4
947,1820,4
947,1820,49
947,1906,-1
947,2001,61
947,2001,14
947,2001,318
951,8,61
951,8,14
951,8,56
951,149,14
951,269,14
951,269,4
951,401,51
951,562,61
951,562,4
951,562,51
951,698,14
951,698,4
951,698,18
951,698,56
951,713,61
951,713,16
951,713,14
951,745,61
951,745,16
951,745,14
951,976,51
951,976,56
951,1083,4
951,1191,-1
951,1267,14
951,1267,4
951,1271,4
951,1299,61
951,1299,4
951,1299,18
951,2021,51
953,117,16
953,192,4
953,192,45
953,192,52
953,192,0
953,192,86
953,199,4
953,199,45
953,570,4
953,570,45
953,574,4
953,642,16
953,642,4
953,642,45
953,642,9
953,642,0
953,651,4
953,651,0
953,756,4
953,756,0
953,756,45
953,973,-1
953,1079,4
953,1079,86
953,1152,16
953,1404,4
953,1404,86
953,1404,45
953,1626,4
953,1626,0
953,1626,9
953,1803,16
953,1861,9
958,158,61
958,158,4
958,158,51
958,177,120
958,177,4
958,264,4
958,450,120
958,450,61
958,450,508
958,494,14
958,494,4
958,516,14
958,873,4
958,873,51
958,943,61
958,943,4
958,943,14
958,1140,61
958,1140,4
958,1205,14
958,1289,14
958,1536,4
958,1605,61
958,1605,4
958,1728,-1
958,1751,51
960,0,4
960,53,14
960,53,31
960,112,4
960,112,45
960,112,51
960,292,51
960,407,61
960,407,4
960,407,45
960,407,51
960,407,55
960,429,72
960,491,61
960,491,4
960,757,4
960,757,45
960,757,84
960,774,-1
960,1160,61
960,1186,-1
960,1383,-1
960,1427,-1
960,1954,61
960,1954,72
960,1954,31
960,1954,14
960,1963,4
960,1963,55
960,1963,51
998,109,-1
998,175,-1
998,189,4
998,189,56
998,294,4
998,294,86
998,643,4
998,643,18
998,643,56
998,729,4
998,732,72
998,732,56
998,1010,101
998,1010,4
998,1010,51
998,1010,56
998,1051,595
998,1252,4
998,1252,18
998,1325,72
998,1394,4
998,1394,72
998,1394,270
998,1779,4
998,1779,270
998,1835,72
998,1886,4
998,1886,72
1011,297,4
1011,486,4
1011,486,45
1011,771,4
1011,771,45
1011,888,16
1011,888,4
1011,1045,351
1011,1045,16
1011,1153,4
1011,1153,45
1011,1153,51
1011,1296,16
1011,1296,51
1011,1384,-1
1011,1432,16
1011,1459,4
1011,1459,8
1011,1459,45
1011,1682,4
1011,1780,4
1011,1780,45
1011,1858,51
1011,1884,4
1011,1884,8
1011,1884,45
1011,2005,-1
1048,239,4
1048,239,45
1048,375,14
1048,375,4
1048,375,45
1048,397,4
1048,397,45
1048,438,14
1048,438,4
1048,438,45
1048,490,14
1048,490,4
1048,840,-1
1048,1268,4
1048,1268,45
1048,1268,29
1048,1338,16
1048,1338,72
1048,1338,29
1048,1365,14
1048,1365,16
1048,1365,72
1048,1418,16
1048,1418,72
1048,1475,51
1048,1488,16
1048,1488,72
1048,1490,14
1048,1490,4
1048,1490,45
1048,1698,14
1048,1698,4
1048,1698,45
1048,1784,14
1048,1784,16
1048,1784,4
1074,107,16
1074,503,4
1074,503,15
1074,615,49
1074,615,51
1074,734,1195
1074,734,0
1074,734,51
1074,777,16
1074,777,4
1074,852,4
1074,929,15
1074,1236,16
1074,1236,51
1074,1321,4
1074,1379,4
1074,1379,51
1074,1404,4
1074,1404,549
1074,1502,16
1074,1502,4
1074,1763,294
1074,1763,273
1074,1819,16
1074,1819,4
1074,1951,-1
1076,273,14
1076,288,18
1076,302,61
1076,302,16
1076,302,14
1076,410,-1
1076,562,61
1076,605,52
1076,634,147
1076,634,61
1076,806,147
1076,806,18
1076,820,14
1076,1273,61
1076,1408,-1
1076,1448,-1
1076,1470,61
1076,1470,16
1076,1498,61
1076,1845,61
1084,53,-1
1084,437,-1
1084,448,-1
1084,656,4
1084,660,61
1084,879,52
1084,879,54
1084,879,84
1084,1111,4
1084,1276,9
1084,1448,150
1084,1448,15
1084,1553,4
1084,1745,4
1084,1812,4
1084,1812,150
1084,1907,-1
1084,1939,-1
1084,1975,104
1084,1975,150
1087,52,52
1087,52,7
1087,419,-1
1087,483,61
1087,483,4
1087,483,45
1087,483,52
1087,483,14
1087,500,61
1087,500,14
1087,786,52
1087,786,84
1087,786,51
1087,888,61
1087,888,16
1087,888,4
1087,1008,4
1087,1008,7
1087,1008,45
1087,1013,61
1087,1013,16
1087,1083,52
1087,1083,4
1087,1083,45
1087,1139,52
1087,1139,51
1087,1252,4
1087,1252,45
1087,1252,84
1087,1252,7
1087,1252,14
1087,1377,14
1087,1377,77
1087,1629,14
1087,1629,16
1087,1629,51
1087,1720,52
1087,1834,4
1087,1834,45
1101,54,4
1101,54,7
1101,90,16
1101,90,4
1101,90,45
1101,177,4
1101,177,9
1101,337,79
1101,526,4
1101,579,-1
1101,669,4
1101,669,51
1101,672,4
1101,672,7
1101,672,45
1101,825,338
1101,825,7
1101,831,-1
1101,1209,51
1101,1323,4
1101,1323,51
1101,1323,56
1101,1491,4
1101,1491,45
1101,1823,4
1101,1823,45
1101,1823,56
1101,1841,-1
1121,44,197
1121,209,129
1121,209,4
1121,362,61
1121,362,4
1121,522,61
1121,626,61
1121,626,4
1121,626,79
1121,1101,-1
1121,1223,4
1121,1285,4
1121,1285,72
1121,1375,4
1121,1552,79
1121,1666,-1
1121,1685,86
1121,1716,4
1121,1716,7
1121,1930,72
1121,1945,4
1141,167,4
1141,167,45
1141,407,4
1141,407,55
1141,407,45
1141,662,12
1141,662,4
1141,662,55
1141,662,45
1141,847,14
1141,847,4
1141,847,45
1141,960,4
1141,960,45
1141,960,15
1141,1006,45
1141,1110,4
1141,1110,45
1141,1186,-1
1141,1300,4
1141,1300,45
1141,1308,45
1141,1350,4
1141,1350,45
1141,1599,15
1141,1813,4
1141,1838,-1
1141,1894,147
1141,1894,14
1141,1894,4
1141,1894,45
1144,346,0
1144,346,4
1144,346,18
1144,346,15
1144,637,4
1144,637,0
1144,637,15
1144,945,120
1144,945,61
1144,945,72
1144,1042,14
1144,1042,0
1144,1111,120
1144,1111,14
1144,1111,4
1144,1173,61
1144,1173,4
1144,1173,94
1144,1174,15
1144,1242,72
1144,1242,0
1144,1420,595
1144,1482,14
1144,1527,-1
1144,1628,14
1144,1680,-1
1144,1792,14
1144,1872,72
1144,1872,0
1197,136,4
1197,136,0
1197,196,0
1197,351,14
1197,351,121
1197,370,15
1197,370,4
1197,370,45
1197,370,665
1197,370,0
1197,379,14
1197,379,121
1197,379,327
1197,477,14
1197,598,4
1197,598,282
1197,598,45
1197,609,14
1197,609,15
1197,750,14
1197,750,16
1197,787,16
1197,787,51
1197,858,4
1197,858,45
1197,858,15
1197,1201,16
1197,1201,0
1197,1238,-1
1197,1480,-1
1197,1746,0
1197,1746,45
1208,54,4
1208,54,84
1208,284,72
1208,423,4
1208,706,54
1208,706,51
1208,874,595
1208,874,84
1208,878,-1
1208,917,84
1208,1022,54
1208,1022,51
1208,1063,-1
1208,1095,4
1208,1187,4
1208,1537,-1
1208,1636,54
1208,1636,51
1208,1700,-1
1208,1904,4
1209,67,129
1209,67,16
1209,67,14
1209,218,288
1209,218,14
1209,604,61
1209,604,16
1209,604,14
1209,638,61
1209,638,16
1209,638,14
1209,970,61
1209,970,0
1209,970,14
1209,1060,61
1209,1060,16
1209,1060,129
1209,1074,61
1209,1074,16
1209,1074,14
1209,1184,14
1209,1184,16
1209,1184,7
1209,1213,16
1209,1213,71
1209,1447,-1
1209,1448,42
1209,1523,0
1209,1610,16
1209,1812,-1
1209,1916,61
1209,1916,14
1214,270,14
1214,270,4
1214,270,84
1214,270,29
1214,338,14
1214,338,0
1214,498,14
1214,498,4
1214,498,86
1214,498,15
1214,537,61
1214,537,125
1214,754,4
1214,754,84
1214,754,29
1214,890,61
1214,890,4
1214,1069,29
1214,1316,14
1214,1316,290
1214,1353,4
1214,1353,86
1214,1353,15
1214,1410,4
1214,1434,61
1214,1434,4
1214,1434,0
1214,1668,4
1214,1668,0
1214,1779,123
1214,1779,4
1214,1779,29
1214,1802,14
1214,1825,61
1214,1825,4
1227,77,6
1227,77,4
1227,113,14
1227,113,16
1227,136,4
1227,136,0
1227,147,52
1227,147,121
1227,244,4
1227,412,121
1227,766,-1
1227,812,51
1227,833,52
1227,833,51
1227,1223,52
1227,1223,4
1227,1223,51
1227,1241,52
1227,1241,6
1227,1241,51
1227,1482,14
1227,1482,51
1227,1559,-1
1227,1681,-1
1227,1891,-1
1231,55,14
1231,55,4
1231,55,153
1231,386,4
1231,386,45
1231,392,4
1231,392,18
1231,392,45
1231,392,51
1231,394,4
1231,394,45
1231,684,4
1231,684,72
1231,684,51
1231,754,4
1231,754,45
1231,754,84
1231,803,4
1231,803,84
1231,929,14
1231,953,12
1231,953,14
1231,953,51
1231,1012,14
1231,1012,4
1231,1111,14
1231,1111,4
1231,1111,45
1231,1125,14
1231,1125,4
1231,1125,45
1231,1577,51
1231,1776,4
1231,1776,45
1231,2001,14
1231,2001,18
1231,2001,318
1250,46,-1
1250,424,56
1250,476,15
1250,534,56
1250,789,-1
1250,1011,56
1250,1029,13
1250,1029,29
1250,1075,-1
1250,1108,-1
1250,1450,-1
1250,1658,-1
1250,1837,36
1250,1837,56
1250,1883,56
1250,1887,8
1250,1887,56
1250,1974,16
1250,1974,9
1250,1974,15
1261,4,18
1261,4,0
1261,158,61
1261,169,-1
1261,179,-1
1261,392,18
1261,550,13
1261,1113,-1
1261,1168,61
1261,1228,-1
1261,1230,18
1261,1260,0
1261,1694,290
1261,1827,61
1261,1827,18
1261,1827,290
1261,1854,18
1261,1945,0
1278,26,6
1278,26,4
1278,26,23
1278,161,135
1278,161,4
1278,161,14
1278,350,4
1278,437,79
1278,685,4
1278,705,16
1278,793,14
1278,798,79
1278,1000,14
1278,1000,16
1278,1142,14
1278,1332,61
1278,1332,4
1278,1332,14
1278,1357,135
1278,1357,4
1278,1562,16
1278,1562,29
1278,1614,14
1278,1614,4
1278,1929,79
1282,3,4
1282,3,7
1282,3,0
1282,20,52
1282,20,51
1282,21,115
1282,21,4
1282,21,0
1282,21,84
1282,179,4
1282,179,84
1282,265,52
1282,265,61
1282,265,51
1282,328,4
1282,328,7
1282,515,4
1282,515,18
1282,639,61
1282,639,4
1282,639,0
1282,639,14
1282,1001,14
1282,1472,52
1282,1506,4
1282,1538,4
1282,1538,18
1282,1538,0
1282,1728,-1
1282,1800,14
1282,1800,4
1282,1800,7
1282,1925,7
1307,8,12
1307,8,14
1307,36,-1
1307,94,14
1307,94,86
1307,285,14
1307,285,16
1307,285,72
1307,384,4
1307,384,45
1307,384,15
1307,488,14
1307,488,4
1307,488,45
1307,524,7
1307,524,45
1307,621,4
1307,621,45
1307,621,1110
1307,621,15
1307,708,288
1307,873,4
1307,873,86
1307,924,4
1307,1017,4
1307,1017,45
1307,1407,-1
1307,1487,16
1307,1487,15
1307,1592,288
1309,159,14
1309,159,4
1309,185,14
1309,427,79
1309,598,4
1309,678,4
1309,844,14
1309,871,-1
1309,1103,14
1309,1103,4
1309,1405,14
1309,1556,4
1309,1556,7
1309,1649,4
1309,1649,7
1309,1692,4
1309,1718,14
1309,1936,9
1309,1994,9
1360,203,61
1360,203,18
1360,203,51
1360,348,61
1360,348,4
1360,348,18
1360,619,61
1360,619,4
1360,888,4
1360,888,61
1360,888,16
1360,888,72
1360,914,61
1360,914,4
1360,1015,4
1360,1212,4
1360,1212,18
1360,1442,61
1360,1442,4
1360,1442,18
1360,1442,51
1360,1448,-1
1360,1490,61
1360,1490,4
1360,1490,18
1360,1558,4
1360,1558,18
1360,1558,86
1360,1632,4
1360,1632,86
1360,1860,4
1360,1882,16
1360,2011,-1
1368,49,4
1368,49,45
1368,135,54
1368,135,51
1368,200,4
1368,200,18
1368,200,45
1368,388,288
1368,388,4
1368,388,18
1368,388,45
1368,388,0
1368,404,4
1368,404,0
1368,404,45
1368,411,61
1368,411,4
1368,411,18
1368,411,45
1368,495,-1
1368,525,61
1368,525,4
1368,525,18
1368,525,45
1368,525,289
1368,1171,4
1368,1171,0
1368,1171,45
1368,1194,61
1368,1194,4
1368,1194,45
1368,1194,51
1368,1198,347
1368,1198,61
1368,1198,0
1368,1230,4
1368,1230,18
1368,1230,45
1368,1453,61
1368,1453,4
1368,1453,45
1368,1701,-1
1368,1782,4
1368,1782,45
1376,88,15
1376,88,4
1376,88,18
1376,88,45
1376,88,14
1376,362,14
1376,362,4
1376,362,15
1376,586,4
1376,586,2
1376,586,45
1376,614,-1
1376,705,15
1376,740,4
1376,740,15
1376,830,14
1376,883,14
1376,883,0
1376,1002,45
1376,1063,14
1376,1363,4
1376,1363,18
1376,1363,45
1376,1406,4
1376,1705,2055
1376,1705,14
1376,1901,14
1376,1901,0
1376,1901,15
1376,1916,14
1376,1916,4
1376,1916,45
1414,96,0
1414,96,72
1414,96,45
1414,288,18
1414,288,51
1414,327,0
1414,327,45
1414,354,0
1414,354,509
1414,383,237
1414,463,45
1414,549,45
1414,550,45
1414,899,72
1414,912,51
1414,1077,-1
1414,1526,-1
1414,1790,72
1414,1931,595
1414,2000,-1
1439,76,61
1439,76,8
1439,76,14
1439,268,12
1439,268,15
1439,295,4
1439,295,86
1439,295,51
1439,423,4
1439,714,4
1439,714,86
1439,1084,14
1439,1088,14
1439,1200,14
1439,1284,590
1439,1284,61
1439,1284,4
1439,1284,86
1439,1346,14
1439,1346,4
1439,1346,15
1439,1488,72
1439,1488,15
1439,1617,14
1439,1617,72
1439,1617,51
1439,1805,72
1439,1805,8
1439,1834,4
1439,1834,86
1439,1916,61
1439,1916,4
1439,1916,8
1439,1916,14
1440,14,4
1440,14,86
1440,14,0
1440,45,52
1440,192,4
1440,192,52
1440,192,0
1440,192,294
1440,192,86
1440,369,86
1440,369,16
1440,369,4
1440,369,0
1440,512,14
1440,512,16
1440,630,52
1440,630,14
1440,813,4
1440,1140,4
1440,1255,52
1440,1296,14
1440,1296,16
1440,1409,14
1440,1409,16
1440,1534,14
1440,1534,4
1440,1534,0
1440,1659,4
1440,1659,22
1440,1718,52
1440,1718,14
1440,1718,0
1440,1875,14
1440,1875,16
1443,102,52
1443,102,51
1443,107,72
1443,107,365
1443,120,45
1443,120,51
1443,164,72
1443,207,-1
1443,385,72
1443,540,45
1443,540,15
1443,634,282
1443,634,15
1443,1150,45
1443,1297,-1
1443,1467,-1
1443,1471,52
1443,1506,15
1443,1506,72
1443,1506,163
1443,1628,51
1443,1774,-1
1444,131,2
1444,131,0
1444,152,14
1444,152,0
1444,182,14
1444,182,0
1444,206,14
1444,206,0
1444,242,-1
1444,339,16
1444,453,14
1444,453,0
1444,603,0
1444,880,61
1444,880,16
1444,880,14
1444,1106,14
1444,1388,14
1444,1566,14
1444,1702,61
1444,1702,0
1444,1824,-1
1444,1853,61
1444,1853,14
1452,251,16
1452,251,7
1452,782,4
1452,782,7
1452,909,61
1452,909,16
1452,909,29
1452,924,4
1452,957,-1
1452,1006,7
1452,1006,51
1452,1020,12
1452,1207,4
1452,1207,84
1452,1207,29
1452,1221,61
1452,1221,4
1452,1336,4
1452,1336,7
1452,1405,-1
1452,1424,1550
1452,1537,582
1452,1578,4
1452,1930,16
1452,1930,29
1460,247,4
1460,247,150
1460,405,4
1460,405,86
1460,405,0
1460,692,72
1460,692,153
1460,701,52
1460,817,4
1460,817,150
1460,817,0
1460,817,51
1460,821,4
1460,821,0
1460,821,153
1460,938,4
1460,938,18
1460,1077,61
1460,1077,150
1460,1446,0
1460,1535,52
1460,1535,18
1460,1535,51
1460,1537,-1
1460,1608,61
1460,1608,4
1460,1608,153
1460,1646,4
1460,1646,150
1460,1829,72
1460,1849,52
1460,1849,4
1460,1849,51
1462,51,4
1462,51,51
1462,125,4
1462,125,45
1462,170,14
1462,170,51
1462,468,31
1462,468,4
1462,468,45
1462,468,14
1462,468,562
1462,614,13
1462,801,4
1462,801,51
1462,825,86
1462,1054,14
1462,1054,13
1462,1304,126
1462,1362,4
1462,1362,45
1462,1496,14
1462,1585,14
1462,1585,16
1462,1585,4
1462,1585,45
1462,1642,4
1462,1642,45
1462,1985,16
1462,2011,-1
1464,88,4
1464,88,18
1464,88,150
1464,220,61
1464,220,150
1464,383,12
1464,383,61
1464,432,290
1464,701,52
1464,987,-1
1464,1184,16
1464,1184,4
1464,1233,0
1464,1334,-1
1464,1400,4
1464,1400,18
1464,1587,4
1464,1587,18
1464,1691,52
1464,1691,54
1464,1754,61
1464,1754,16
1464,1754,4
1464,1874,16
1464,1874,4
1464,2006,12
1464,2006,4
1467,71,16
1467,71,4
1467,71,45
1467,71,84
1467,243,0
1467,243,4
1467,243,45
1467,243,69
1467,339,16
1467,575,4
1467,575,45
1467,766,-1
1467,846,61
1467,846,16
1467,1227,100
1467,1227,153
1467,1540,14
1467,1540,4
1467,1540,51
1467,1624,4
1467,1642,4
1467,1642,45
1467,1690,51
1467,1746,45
1467,1746,0
1467,1746,69
1467,1803,347
1467,1803,14
1467,1803,16
1467,1803,100
1467,1840,16
1467,1840,4
1467,1899,84
1521,24,14
1521,24,18
1521,177,4
1521,177,18
1521,389,4
1521,389,51
1521,434,244
1521,434,14
1521,434,4
1521,556,4
1521,631,14
1521,951,4
1521,1040,14
1521,1040,4
1521,1254,4
1521,1495,-1
1521,1557,4
1521,1557,398
1521,1597,-1
1521,1866,14
1521,1916,14
1521,1916,4
1521,1935,14
1524,108,4
1524,147,8
1524,324,4
1524,593,-1
1524,794,162
1524,794,61
1524,794,4
1524,1259,6
1524,1259,4
1524,1259,0
1524,1259,61
1524,1380,0
1524,1401,4
1524,1401,8
1524,1412,6
1524,1412,4
1524,1425,4
1524,1426,-1
1524,1769,61
1524,1769,8
1524,1769,0
1524,1781,61
1524,1781,4
1524,1781,8
1524,1785,-1
1524,1989,1325
1532,109,-1
1532,189,45
1532,247,45
1532,359,-1
1532,514,-1
1532,653,7
1532,840,69
1532,840,58
1532,892,28
1532,892,51
1532,938,45
1532,1345,12
1532,1425,9
1532,1557,9
1532,1557,45
1532,1657,29
1532,1795,-1
1532,1960,-1
1555,20,54
1555,89,14
1555,183,61
1555,183,4
1555,183,45
1555,291,-1
1555,389,4
1555,389,54
1555,718,61
1555,773,-1
1555,829,4
1555,829,45
1555,1233,-1
1555,1311,1195
1555,1389,-1
1555,1448,-1
1555,1610,16
1555,1610,4
1555,1656,61
1555,1656,16
1555,1656,351
1555,1656,14
1555,1904,4
1555,1904,45
1564,74,52
1564,259,16
1564,259,0
1564,259,15
1564,480,4
1564,510,52
1564,510,16
1564,550,4
1564,562,4
1564,670,4
1564,670,0
1564,711,-1
1564,784,4
1564,784,0
1564,784,9
1564,1019,16
1564,1019,15
1564,1292,16
1564,1293,329
1564,1293,0
1564,1374,52
1564,1751,52
1564,1940,52
1564,1940,4
1564,1940,0
1572,324,14
1572,327,14
1572,327,0
1572,327,45
1572,373,45
1572,504,14
1572,504,45
1572,545,61
1572,545,14
1572,607,61
1572,607,45
1572,671,14
1572,671,0
1572,671,45
1572,714,86
1572,714,31
1572,714,0
1572,760,61
1572,760,45
1572,760,14
1572,839,72
1572,870,14
1572,870,72
1572,1099,72
1572,1099,31
1572,1282,0
1572,1282,45
1572,1593,-1
1572,1884,61
1572,1884,31
1572,1884,45
1575,175,138
1575,175,52
1575,175,69
1575,175,58
1575,469,4
1575,491,4
1575,491,0
1575,750,14
1575,752,4
1575,975,4
1575,988,52
1575,988,4
1575,991,14
1575,1048,14
1575,1048,4
1575,1048,290
1575,1395,4
1575,1689,4
1575,1724,182
1575,1819,14
1575,1819,4
1575,1924,14
1575,1931,52
1586,37,8
1586,37,45
1586,82,120
1586,82,61
1586,101,61
1586,285,385
1586,362,61
1586,362,4
1586,362,282
1586,465,49
1586,633,-1
1586,951,4
1586,951,595
1586,951,45
1586,1070,61
1586,1109,595
1586,1164,61
1586,1164,4
1586,1265,61
1586,1265,4
1586,1265,55
1586,1400,4
1586,1400,45
1586,1749,421
1586,1749,4
1586,1749,45
1586,1749,1602
1586,1881,61
1595,144,4
1595,452,51
1595,631,14
1595,644,4
1595,644,7
1595,676,14
1595,676,4
1595,676,49
1595,676,51
1595,723,4
1595,883,123
1595,883,14
1595,963,4
1595,963,7
1595,1278,4
1595,1288,4
1595,1544,4
1595,1544,7
1595,1598,123
1595,1625,16
1595,1625,51
1595,1787,14
1595,1787,51
1595,1914,16
1609,214,84
1609,557,45
1609,557,51
1609,605,0
1609,605,45
1609,687,-1
1609,689,-1
1609,753,0
1609,859,45
1609,941,78
1609,1059,-1
1609,1114,0
1609,1114,45
1609,1114,84
1609,1135,84
1609,1406,-1
1609,1414,-1
1609,1470,-1
1609,1593,84
1609,1593,51
1625,102,4
1625,320,14
1625,488,14
1625,488,4
1625,488,45
1625,535,14
1625,535,4
1625,535,45
1625,623,77
1625,630,14
1625,724,595
1625,821,14
1625,821,4
1625,821,595
1625,821,153
1625,924,4
1625,988,4
1625,1138,77
1625,1184,14
1625,1184,4
1625,1530,4
1625,1530,45
1625,1647,14
1625,1647,4
1625,1647,45
1625,1851,115
1625,1851,197
1652,112,4
1652,211,4
1652,220,150
1652,396,4
1652,396,115
1652,675,4
1652,697,-1
1652,778,4
1652,900,4
1652,900,498
1652,926,4
1652,1285,52
1652,1285,4
1652,1379,4
1652,1379,487
1652,1449,52
1652,1513,-1
1652,1843,-1
1652,1989,-1
1663,42,14
1663,42,4
1663,280,16
1663,369,16
1663,369,4
1663,439,150
1663,439,206
1663,649,4
1663,675,4
1663,675,65
1663,730,14
1663,730,16
1663,741,14
1663,971,14
1663,971,150
1663,1269,14
1663,1370,8
1663,1492,14
1663,1492,8
1663,1711,-1
1663,1848,14
1663,1848,16
1663,1927,16
1663,1927,4
1663,1927,150
1663,1927,206
1683,215,595
1683,553,421
1683,553,45
1683,553,51
1683,621,45
1683,760,61
1683,760,45
1683,885,84
1683,885,58
1683,889,-1
1683,915,53
1683,915,51
1683,1213,53
1683,1250,-1
1683,1400,45
1683,1770,595
1683,1912,58
1683,1927,61
1683,1953,45
1683,1997,45
1683,1997,51
1684,35,61
1684,218,14
1684,225,61
1684,225,4
1684,225,18
1684,399,4
1684,399,18
1684,515,4
1684,515,18
1684,537,61
1684,886,14
1684,1108,51
1684,1239,14
1684,1239,4
1684,1239,18
1684,1316,14
1684,1375,4
1684,1375,51
1684,1650,84
1684,1832,14
1684,1832,84
1684,1848,61
1684,1848,14
1684,1932,-1
1689,164,61
1689,164,16
1689,164,4
1689,295,4
1689,295,45
1689,539,4
1689,539,0
1689,539,45
1689,574,4
1689,574,18
1689,575,4
1689,575,18
1689,575,45
1689,639,61
1689,639,4
1689,639,0
1689,639,153
1689,934,4
1689,934,0
1689,934,45
1689,1016,53
1689,1016,16
1689,1016,45
1689,1076,288
1689,1076,16
1689,1076,0
1689,1082,288
1689,1082,45
1689,1136,67
1689,1219,4
1689,1219,18
1689,1360,61
1689,1360,77
1689,1360,288
1689,1574,890
1689,1574,16
1689,1574,0
1689,1631,4
1689,1631,45
1691,13,14
1691,13,4
1691,13,45
1691,305,4
1691,305,45
1691,305,15
1691,545,14
1691,545,206
1691,553,4
1691,553,45
1691,553,15
1691,653,-1
1691,680,4
1691,1054,12
1691,1054,8
1691,1054,14
1691,1136,14
1691,1136,8
1691,1322,14
1691,1328,8
1691,1334,8
1691,1334,77
1691,1865,77
1691,1898,-1
1691,1913,4
1691,1913,8
1691,1913,45
1691,1915,4
1691,1915,45
1699,27,4
1699,27,18
1699,54,4
1699,120,4
1699,120,18
1699,166,4
1699,166,132
1699,196,61
1699,196,153
1699,373,4
1699,412,61
1699,412,36
1699,419,-1
1699,444,4
1699,444,153
1699,511,4
1699,799,61
1699,799,4
1699,804,-1
1699,1069,-1
1699,1320,61
1699,1320,4
1699,1410,4
1738,114,4
1738,144,4
1738,305,4
1738,305,45
1738,350,4
1738,350,9
1738,350,45
1738,371,4
1738,371,45
1738,371,9
1738,659,4
1738,659,0
1738,956,61
1738,985,-1
1738,1020,13
1738,1139,51
1738,1567,4
1738,1661,61
1738,1661,4
1738,1661,0
1738,1685,-1
1738,1745,4
1738,1745,45
1738,1905,61
1738,1905,4
1738,1905,45
1746,121,61
1746,172,61
1746,172,16
1746,172,18
1746,241,18
1746,622,-1
1746,836,51
1746,860,16
1746,877,51
1746,1190,135
1746,1190,18
1746,1250,16
1746,1414,61
1746,1459,61
1746,1549,16
1746,1549,29
1746,1700,18
1746,1889,-1
1746,1906,18
1769,288,-1
1769,373,4
1769,471,14
1769,599,14
1769,599,4
1769,599,318
1769,825,29
1769,844,14
1769,844,121
1769,864,4
1769,864,0
1769,977,14
1769,977,72
1769,1249,14
1769,1249,72
1769,1266,72
1769,1319,14
1769,1319,0
1769,1661,4
1769,1661,0
1769,1756,595
1769,1774,14
1769,1774,29
1769,1797,14
1769,1797,72
1792,45,69
1792,81,4
1792,391,135
1792,391,4
1792,918,4
1792,918,29
1792,991,-1
1792,1077,837
1792,1108,-1
1792,1267,4
1792,1382,-1
1792,1433,-1
1792,1478,4
1792,1478,29
1792,1737,135
1792,1737,4
1792,1746,69
1792,1759,4
1792,1838,-1
1809,15,-1
1809,61,18
1809,61,45
1809,110,49
1809,204,61
1809,204,16
1809,364,-1
1809,473,61
1809,473,8
1809,608,-1
1809,830,-1
1809,911,61
1809,911,45
1809,1017,18
1809,1017,45
1809,1304,18
1809,1320,61
1809,1320,45
1809,1320,8
1809,1320,69
1809,1331,16
1809,1331,49
1809,1502,16
1809,1774,288
1840,2,4
1840,2,18
1840,14,4
1840,14,86
1840,64,14
1840,64,4
1840,64,45
1840,205,4
1840,205,18
1840,205,45
1840,535,14
1840,535,4
1840,535,45
1840,704,4
1840,704,51
1840,741,14
1840,959,4
1840,959,86
1840,959,45
1840,1106,12
1840,1106,14
1840,1330,14
1840,1349,51
1840,1363,4
1840,1363,18
1840,1363,45
1840,1702,4
1840,1702,45
1840,1931,-1
1840,1943,-1
1853,205,4
1853,205,15
1853,299,14
1853,299,4
1853,448,14
1853,448,51
1853,562,61
1853,562,4
1853,562,51
1853,667,4
1853,755,61
1853,755,4
1853,755,84
1853,948,4
1853,948,15
1853,960,4
1853,960,15
1853,960,84
1853,965,-1
1853,1033,71
1853,1033,4
1853,1033,84
1853,1033,51
1853,1033,14
1853,1069,52
1853,1069,51
1853,1374,52
1853,1449,52
1853,1637,15
1853,1637,51
1853,2002,14
1859,9,4
1859,9,0
1859,9,51
1859,198,4
1859,198,0
1859,209,4
1859,455,4
1859,455,0
1859,640,52
1859,640,0
1859,640,49
1859,711,-1
1859,900,4
1859,948,4
1859,953,51
1859,1072,52
1859,1106,-1
1859,1371,16
1859,1376,16
1859,1376,4
1859,1455,16
1859,1455,72
1859,1718,52
1859,1718,0
1896,346,45
1896,346,15
1896,401,52
1896,401,15
1896,585,79
1896,585,77
1896,651,-1
1896,679,-1
1896,875,-1
1896,1214,8
1896,1214,77
1896,1275,8
1896,1275,45
1896,1315,52
1896,1315,45
1896,1345,15
1896,1472,52
1896,1472,8
1896,1570,52
1896,1570,45
1896,1710,45
1896,1710,9
1896,1710,15
1896,2005,-1
1896,2006,-1
1913,58,4
1913,58,0
1913,126,0
1913,330,61
1913,330,14
1913,456,4
1913,456,0
1913,505,14
1913,680,61
1913,680,4
1913,1026,61
1913,1026,16
1913,1411,-1
1913,1551,14
1913,1551,0
1913,1561,16
1913,1627,4
1913,1627,18
1913,1703,4
1913,1703,86
1913,1703,84
1913,1768,4
1913,1816,61
1913,2010,18
1946,600,121
1946,896,51
1946,905,18
1946,905,0
1946,916,12
1946,916,288
1946,957,270
1946,981,27
1946,981,16
1946,981,72
1946,1177,270
1946,1177,51
1946,1239,18
1946,1239,0
1946,1350,-1
1946,1488,16
1946,1488,72
1946,1633,16
1946,1708,18
1946,1756,-1
1946,1808,6
1946,1834,-1
1964,48,14
1964,48,16
1964,48,0
1964,152,14
1964,152,4
1964,152,0
1964,249,14
1964,249,4
1964,249,45
1964,386,4
1964,386,45
1964,645,-1
1964,747,45
1964,747,16
1964,747,4
1964,747,15
1964,777,16
1964,777,4
1964,777,45
1964,829,4
1964,829,45
1964,1062,4
1964,1062,45
1964,1286,16
1964,1286,15
1964,1469,4
1964,1469,45
1964,1790,16
1964,1948,4
1964,1948,45
1964,1985,16
1964,2002,14
1966,221,4
1966,221,72
1966,257,4
1966,457,-1
1966,533,12
1966,602,4
1966,602,18
1966,643,4
1966,643,18
1966,782,4
1966,873,4
1966,873,51
1966,978,54
1966,978,18
1966,978,51
1966,1213,72
1966,1406,4
1966,1406,72
1966,1493,4
1966,1493,54
1966,1493,51
1966,1813,4
1966,1927,4
1966,2012,4
1966,2012,502
1967,94,14
1967,94,42
1967,94,82
1967,400,164
1967,426,-1
1967,579,14
1967,615,51
1967,626,164
1967,626,14
1967,721,14
1967,1118,15
1967,1161,-1
1967,1394,14
1967,1432,-1
1967,1721,14
1967,1721,15
1967,1929,15
1967,1929,51
1967,2005,-1
1967,2006,14
1974,152,4
1974,152,0
1974,158,4
1974,291,123
1974,291,0
1974,306,4
1974,306,0
1974,306,15
1974,372,4
1974,372,0
1974,372,15
1974,372,56
1974,415,4
1974,415,56
1974,428,0
1974,1005,0
1974,1005,84
1974,1100,4
1974,1100,1941
1974,1100,0
1974,1102,4
1974,1102,15
1974,1102,84
1974,1132,-1
1974,1194,4
1974,1194,84
1974,1440,4
1974,1477,0
1974,1777,-1
1991,52,7
1991,119,-1
1991,144,6
1991,144,4
1991,178,4
1991,315,16
1991,315,4
1991,339,16
1991,463,61
1991,463,4
1991,463,45
1991,767,4
1991,767,7
1991,872,6
1991,872,288
1991,905,61
1991,905,4
1991,905,45
1991,1097,16
1991,1097,7
1991,1264,61
1991,1264,4
1991,1264,45
1991,1349,61
1991,1349,8
1991,1529,61
1991,1529,4
1991,1529,45
1991,1699,61
1991,1699,16
2004,43,0
2004,74,51
2004,358,100
2004,378,0
2004,586,12
2004,598,61
2004,901,61
2004,901,0
2004,901,51
2004,1211,51
2004,1313,-1
2004,1358,-1
2004,1494,61
2004,1784,-1
2004,1870,309
2004,1870,51
2004,1894,61
2004,1894,0
2004,1901,61
2004,1901,0
2016,112,4
2016,112,0
2016,156,4
2016,582,72
2016,664,4
2016,664,72
2016,792,52
2016,965,-1
2016,1237,52
2016,1237,4
2016,1280,4
2016,1434,61
2016,1434,4
2016,1434,0
2016,1465,-1
2016,1620,4
2016,1620,0
2016,1644,4
2016,1739,0
2016,1918,72
2016,1934,4
2016,1934,72
2016,1934,15
